{
  "port": 80,
  "title": "Node Control Panel",
  "useMD5": false,
  "allowRegister": false,
  "Recaptcha": {
    "enabled": false,
    "site-key": "",
    "secret-key": ""
  },
  "allowDuplicateEmails": false,
  "cache": {
    "mysql": 30000
  },
  "rss": {
    "enabled": true,
    "link": "https://rathena.org/board/forum/9-community-news.xml",
    "limit": 5
  },
  "password": {
    "minLength": 4
  },
  "BirthDateYearMin": 1970,
  "navs": [
    {
      "menu": "Main Menu",
      "items": [
        {
          "name": "Home",
          "href": "/",
          "showEvenIfLoggedIn": true
        },
        {
          "name": "News",
          "href": "/news",
          "showEvenIfLoggedIn": true
        }
      ]
    },
    {
      "menu": "Account",
      "items": [
        {
          "name": "Login",
          "href": "/account/login"
        },
        {
          "name": "Register",
          "href": "/account/create"
        },
        {
          "name": "Logout",
          "href": "/account/logout",
          "mustBeLoggedIn": true
        }
      ]
    }
  ]
}
